{"cameraMode":{"drawMode":0,"name":"Shaded","section":"Shading Mode"},"sceneLighting":true,"audioPlay":false,"sceneViewState":{"showFog":true,"showMaterialUpdate":true,"showSkybox":true,"showFlares":true,"showImageEffects":true,"showParticleSystems":true},"in2DMode":false,"pivot":{"x":-0.08104585111141205,"y":-0.09368516504764557,"z":-0.1016630008816719},"rotation":{"x":0.19312505424022675,"y":0.31612837314605715,"z":-0.06589625775814057,"w":0.9265174865722656},"size":0.1548035740852356,"orthographic":false}