{"cameraMode":{"drawMode":0,"name":"Shaded","section":"Shading Mode"},"sceneLighting":false,"audioPlay":false,"sceneViewState":{"showFog":true,"showMaterialUpdate":true,"showSkybox":false,"showFlares":true,"showImageEffects":true,"showParticleSystems":true},"in2DMode":false,"pivot":{"x":-0.07837655395269394,"y":-0.009239286184310913,"z":0.05971890687942505},"rotation":{"x":0.15349194407463075,"y":0.2032860666513443,"z":-0.0322858989238739,"w":0.9664802551269531},"size":0.11456439644098282,"orthographic":false}