{"cameraMode":{"drawMode":0,"name":"Shaded","section":"Shading Mode"},"sceneLighting":true,"audioPlay":false,"sceneViewState":{"showFog":true,"showMaterialUpdate":true,"showSkybox":true,"showFlares":true,"showImageEffects":true,"showParticleSystems":true},"in2DMode":false,"pivot":{"x":-3.2263741493225099,"y":-1.5394810438156129,"z":-0.05878102779388428},"rotation":{"x":0.09502502530813217,"y":-0.5907673239707947,"z":0.07033555209636688,"w":0.7981423139572144},"size":3.007394790649414,"orthographic":false}