{"cameraMode":{"drawMode":0,"name":"Shaded","section":"Shading Mode"},"sceneLighting":true,"audioPlay":false,"sceneViewState":{"showFog":true,"showMaterialUpdate":true,"showSkybox":true,"showFlares":true,"showImageEffects":true,"showParticleSystems":true},"in2DMode":false,"pivot":{"x":-0.2040773183107376,"y":-0.10965374857187271,"z":-0.054622769355773929},"rotation":{"x":0.23089495301246644,"y":0.08918717503547669,"z":-0.02126096934080124,"w":0.9686555862426758},"size":0.1548035740852356,"orthographic":false}