{"cameraMode":{"drawMode":0,"name":"Shaded","section":"Shading Mode"},"sceneLighting":true,"audioPlay":false,"sceneViewState":{"showFog":true,"showMaterialUpdate":true,"showSkybox":true,"showFlares":true,"showImageEffects":true,"showParticleSystems":true},"in2DMode":false,"pivot":{"x":-0.016754355281591417,"y":-0.0129224993288517,"z":-0.05915585160255432},"rotation":{"x":0.073272705078125,"y":0.06608738750219345,"z":-0.004867651965469122,"w":0.9951122403144836},"size":0.1548035740852356,"orthographic":false}