{"cameraMode":{"drawMode":0,"name":"Shaded","section":"Shading Mode"},"sceneLighting":true,"audioPlay":false,"sceneViewState":{"showFog":true,"showMaterialUpdate":true,"showSkybox":true,"showFlares":true,"showImageEffects":true,"showParticleSystems":true},"in2DMode":false,"pivot":{"x":0.004145532846450806,"y":-0.0225520059466362,"z":0.5314356684684753},"rotation":{"x":0.022438539192080499,"y":0.07193225622177124,"z":-0.0016289701452478767,"w":0.9971773028373718},"size":0.3866024613380432,"orthographic":false}