{"cameraMode":{"drawMode":0,"name":"Shaded","section":"Shading Mode"},"sceneLighting":true,"audioPlay":false,"sceneViewState":{"showFog":true,"showMaterialUpdate":true,"showSkybox":true,"showFlares":true,"showImageEffects":true,"showParticleSystems":true},"in2DMode":false,"pivot":{"x":-0.36472511291503909,"y":0.23588228225708009,"z":0.17094039916992188},"rotation":{"x":0.14582744240760804,"y":0.16714073717594148,"z":-0.02500488981604576,"w":0.9747744798660278},"size":10.0,"orthographic":false}