{"cameraMode":{"drawMode":0,"name":"Shaded","section":"Shading Mode"},"sceneLighting":false,"audioPlay":false,"sceneViewState":{"showFog":true,"showMaterialUpdate":true,"showSkybox":false,"showFlares":true,"showImageEffects":true,"showParticleSystems":true},"in2DMode":false,"pivot":{"x":0.0,"y":-0.47999998927116396,"z":-1.659999966621399},"rotation":{"x":0.05665183439850807,"y":0.5746442079544067,"z":-0.03983958065509796,"w":0.8155370354652405},"size":0.021650655195116998,"orthographic":false}