{"cameraMode":{"drawMode":0,"name":"Shaded","section":"Shading Mode"},"sceneLighting":true,"audioPlay":false,"sceneViewState":{"showFog":true,"showMaterialUpdate":true,"showSkybox":true,"showFlares":true,"showImageEffects":true,"showParticleSystems":true},"in2DMode":false,"pivot":{"x":-0.22022294998168946,"y":1.350035548210144,"z":-1.9847980737686158},"rotation":{"x":0.5153056383132935,"y":0.36735692620277407,"z":-0.25952109694480898,"w":0.7295134663581848},"size":0.2133975625038147,"orthographic":false}