{"cameraMode":{"drawMode":0,"name":"Shaded","section":"Shading Mode"},"sceneLighting":true,"audioPlay":false,"sceneViewState":{"showFog":true,"showMaterialUpdate":true,"showSkybox":true,"showFlares":true,"showImageEffects":true,"showParticleSystems":true},"in2DMode":false,"pivot":{"x":-0.05350000038743019,"y":0.0046249981969594959,"z":0.0},"rotation":{"x":0.0419829860329628,"y":0.01498608011752367,"z":-0.0006297797081060708,"w":0.9990067481994629},"size":0.7548035979270935,"orthographic":false}