{"cameraMode":{"drawMode":0,"name":"Shaded","section":"Shading Mode"},"sceneLighting":false,"audioPlay":false,"sceneViewState":{"showFog":true,"showMaterialUpdate":true,"showSkybox":false,"showFlares":true,"showImageEffects":true,"showParticleSystems":true},"in2DMode":false,"pivot":{"x":0.0610111802816391,"y":0.10243185609579086,"z":-0.26732137799263},"rotation":{"x":-0.29394540190696719,"y":-0.052142541855573657,"z":0.01606201007962227,"w":-0.9542659521102905},"size":0.3464101552963257,"orthographic":false}